﻿Domain Code,Domain,Area Code (M49),Area,Element Code,Element,Item Code (CPC),Item,Year Code,Year,Unit,Value,Flag,Flag Description
"TCL","Crops and livestock products","004","Afghanistan","5910","Export Quantity","F2071","Bovine Meat","2019","2019","tonnes","26","E","Estimated value"
"TCL","Crops and livestock products","004","Afghanistan","5910","Export Quantity","F2073","Pigmeat","2019","2019","tonnes","0","E","Estimated value"
"TCL","Crops and livestock products","004","Afghanistan","5910","Export Quantity","F2076","Other Meat","2019","2019","tonnes","1","E","Estimated value"
"TCL","Crops and livestock products","051","Armenia","5910","Export Quantity","F2071","Bovine Meat","2019","2019","tonnes","242","E","Estimated value"
"TCL","Crops and livestock products","051","Armenia","5910","Export Quantity","F2074","Poultry Meat","2019","2019","tonnes","10","E","Estimated value"
"TCL","Crops and livestock products","051","Armenia","5910","Export Quantity","F2073","Pigmeat","2019","2019","tonnes","526","E","Estimated value"
"TCL","Crops and livestock products","051","Armenia","5910","Export Quantity","F2076","Other Meat","2019","2019","tonnes","1308","E","Estimated value"
"TCL","Crops and livestock products","036","Australia","5910","Export Quantity","F2071","Bovine Meat","2019","2019","tonnes","1850130","E","Estimated value"
"TCL","Crops and livestock products","036","Australia","5910","Export Quantity","F2074","Poultry Meat","2019","2019","tonnes","46031","E","Estimated value"
"TCL","Crops and livestock products","036","Australia","5910","Export Quantity","F2073","Pigmeat","2019","2019","tonnes","40398","E","Estimated value"
"TCL","Crops and livestock products","036","Australia","5910","Export Quantity","F2076","Other Meat","2019","2019","tonnes","559379","E","Estimated value"
"TCL","Crops and livestock products","050","Bangladesh","5910","Export Quantity","F2071","Bovine Meat","2019","2019","tonnes","59","E","Estimated value"
"TCL","Crops and livestock products","050","Bangladesh","5910","Export Quantity","F2074","Poultry Meat","2019","2019","tonnes","2","E","Estimated value"
"TCL","Crops and livestock products","050","Bangladesh","5910","Export Quantity","F2073","Pigmeat","2019","2019","tonnes","0","E","Estimated value"
"TCL","Crops and livestock products","050","Bangladesh","5910","Export Quantity","F2076","Other Meat","2019","2019","tonnes","10","E","Estimated value"
"TCL","Crops and livestock products","056","Belgium","5910","Export Quantity","F2071","Bovine Meat","2019","2019","tonnes","208661","E","Estimated value"
"TCL","Crops and livestock products","056","Belgium","5910","Export Quantity","F2074","Poultry Meat","2019","2019","tonnes","613065","E","Estimated value"
"TCL","Crops and livestock products","056","Belgium","5910","Export Quantity","F2073","Pigmeat","2019","2019","tonnes","886591","E","Estimated value"
"TCL","Crops and livestock products","056","Belgium","5910","Export Quantity","F2076","Other Meat","2019","2019","tonnes","61903","E","Estimated value"
"TCL","Crops and livestock products","076","Brazil","5910","Export Quantity","F2071","Bovine Meat","2019","2019","tonnes","2331366","E","Estimated value"
"TCL","Crops and livestock products","076","Brazil","5910","Export Quantity","F2074","Poultry Meat","2019","2019","tonnes","4132446","E","Estimated value"
"TCL","Crops and livestock products","076","Brazil","5910","Export Quantity","F2073","Pigmeat","2019","2019","tonnes","960866","E","Estimated value"
"TCL","Crops and livestock products","076","Brazil","5910","Export Quantity","F2076","Other Meat","2019","2019","tonnes","134653","E","Estimated value"
"TCL","Crops and livestock products","116","Cambodia","5910","Export Quantity","F2076","Other Meat","2019","2019","tonnes","","E","Estimated value"
"TCL","Crops and livestock products","124","Canada","5910","Export Quantity","F2071","Bovine Meat","2019","2019","tonnes","547056","E","Estimated value"
"TCL","Crops and livestock products","124","Canada","5910","Export Quantity","F2074","Poultry Meat","2019","2019","tonnes","164628","E","Estimated value"
"TCL","Crops and livestock products","124","Canada","5910","Export Quantity","F2073","Pigmeat","2019","2019","tonnes","1341337","E","Estimated value"
"TCL","Crops and livestock products","124","Canada","5910","Export Quantity","F2076","Other Meat","2019","2019","tonnes","15453","E","Estimated value"
"TCL","Crops and livestock products","158","China, Taiwan Province of","5910","Export Quantity","F2071","Bovine Meat","2019","2019","tonnes","568","E","Estimated value"
"TCL","Crops and livestock products","158","China, Taiwan Province of","5910","Export Quantity","F2074","Poultry Meat","2019","2019","tonnes","4621","E","Estimated value"
"TCL","Crops and livestock products","158","China, Taiwan Province of","5910","Export Quantity","F2073","Pigmeat","2019","2019","tonnes","2945","E","Estimated value"
"TCL","Crops and livestock products","158","China, Taiwan Province of","5910","Export Quantity","F2076","Other Meat","2019","2019","tonnes","370","E","Estimated value"
"TCL","Crops and livestock products","170","Colombia","5910","Export Quantity","F2071","Bovine Meat","2019","2019","tonnes","26337","E","Estimated value"
"TCL","Crops and livestock products","170","Colombia","5910","Export Quantity","F2074","Poultry Meat","2019","2019","tonnes","346","E","Estimated value"
"TCL","Crops and livestock products","170","Colombia","5910","Export Quantity","F2073","Pigmeat","2019","2019","tonnes","3","E","Estimated value"
"TCL","Crops and livestock products","170","Colombia","5910","Export Quantity","F2076","Other Meat","2019","2019","tonnes","887","E","Estimated value"
"TCL","Crops and livestock products","188","Costa Rica","5910","Export Quantity","F2071","Bovine Meat","2019","2019","tonnes","34651","E","Estimated value"
"TCL","Crops and livestock products","188","Costa Rica","5910","Export Quantity","F2074","Poultry Meat","2019","2019","tonnes","2854","E","Estimated value"
"TCL","Crops and livestock products","188","Costa Rica","5910","Export Quantity","F2073","Pigmeat","2019","2019","tonnes","5539","E","Estimated value"
"TCL","Crops and livestock products","188","Costa Rica","5910","Export Quantity","F2076","Other Meat","2019","2019","tonnes","46","E","Estimated value"
"TCL","Crops and livestock products","191","Croatia","5910","Export Quantity","F2071","Bovine Meat","2019","2019","tonnes","17311","E","Estimated value"
"TCL","Crops and livestock products","191","Croatia","5910","Export Quantity","F2074","Poultry Meat","2019","2019","tonnes","18449","E","Estimated value"
"TCL","Crops and livestock products","191","Croatia","5910","Export Quantity","F2073","Pigmeat","2019","2019","tonnes","25751","E","Estimated value"
"TCL","Crops and livestock products","191","Croatia","5910","Export Quantity","F2076","Other Meat","2019","2019","tonnes","1271","E","Estimated value"
"TCL","Crops and livestock products","818","Egypt","5910","Export Quantity","F2071","Bovine Meat","2019","2019","tonnes","2554","E","Estimated value"
"TCL","Crops and livestock products","818","Egypt","5910","Export Quantity","F2074","Poultry Meat","2019","2019","tonnes","2941","E","Estimated value"
"TCL","Crops and livestock products","818","Egypt","5910","Export Quantity","F2073","Pigmeat","2019","2019","tonnes","16","E","Estimated value"
"TCL","Crops and livestock products","818","Egypt","5910","Export Quantity","F2076","Other Meat","2019","2019","tonnes","162","E","Estimated value"
"TCL","Crops and livestock products","222","El Salvador","5910","Export Quantity","F2071","Bovine Meat","2019","2019","tonnes","105","E","Estimated value"
"TCL","Crops and livestock products","222","El Salvador","5910","Export Quantity","F2074","Poultry Meat","2019","2019","tonnes","1718","E","Estimated value"
"TCL","Crops and livestock products","222","El Salvador","5910","Export Quantity","F2073","Pigmeat","2019","2019","tonnes","685","E","Estimated value"
"TCL","Crops and livestock products","222","El Salvador","5910","Export Quantity","F2076","Other Meat","2019","2019","tonnes","20","E","Estimated value"
"TCL","Crops and livestock products","231","Ethiopia","5910","Export Quantity","F2071","Bovine Meat","2019","2019","tonnes","4121","E","Estimated value"
"TCL","Crops and livestock products","231","Ethiopia","5910","Export Quantity","F2074","Poultry Meat","2019","2019","tonnes","39","E","Estimated value"
"TCL","Crops and livestock products","231","Ethiopia","5910","Export Quantity","F2076","Other Meat","2019","2019","tonnes","14732","E","Estimated value"
"TCL","Crops and livestock products","246","Finland","5910","Export Quantity","F2071","Bovine Meat","2019","2019","tonnes","10340","E","Estimated value"
"TCL","Crops and livestock products","246","Finland","5910","Export Quantity","F2074","Poultry Meat","2019","2019","tonnes","14302","E","Estimated value"
"TCL","Crops and livestock products","246","Finland","5910","Export Quantity","F2073","Pigmeat","2019","2019","tonnes","46643","E","Estimated value"
"TCL","Crops and livestock products","246","Finland","5910","Export Quantity","F2076","Other Meat","2019","2019","tonnes","691","E","Estimated value"
"TCL","Crops and livestock products","250","France","5910","Export Quantity","F2071","Bovine Meat","2019","2019","tonnes","276928","E","Estimated value"
"TCL","Crops and livestock products","250","France","5910","Export Quantity","F2074","Poultry Meat","2019","2019","tonnes","457596","E","Estimated value"
"TCL","Crops and livestock products","250","France","5910","Export Quantity","F2073","Pigmeat","2019","2019","tonnes","691491","E","Estimated value"
"TCL","Crops and livestock products","250","France","5910","Export Quantity","F2076","Other Meat","2019","2019","tonnes","51498","E","Estimated value"
"TCL","Crops and livestock products","276","Germany","5910","Export Quantity","F2071","Bovine Meat","2019","2019","tonnes","414964","E","Estimated value"
"TCL","Crops and livestock products","276","Germany","5910","Export Quantity","F2074","Poultry Meat","2019","2019","tonnes","770079","E","Estimated value"
"TCL","Crops and livestock products","276","Germany","5910","Export Quantity","F2073","Pigmeat","2019","2019","tonnes","2915329","E","Estimated value"
"TCL","Crops and livestock products","276","Germany","5910","Export Quantity","F2076","Other Meat","2019","2019","tonnes","22040","E","Estimated value"
"TCL","Crops and livestock products","300","Greece","5910","Export Quantity","F2071","Bovine Meat","2019","2019","tonnes","1332","E","Estimated value"
"TCL","Crops and livestock products","300","Greece","5910","Export Quantity","F2074","Poultry Meat","2019","2019","tonnes","40478","E","Estimated value"
"TCL","Crops and livestock products","300","Greece","5910","Export Quantity","F2073","Pigmeat","2019","2019","tonnes","13562","E","Estimated value"
"TCL","Crops and livestock products","300","Greece","5910","Export Quantity","F2076","Other Meat","2019","2019","tonnes","8410","E","Estimated value"
"TCL","Crops and livestock products","352","Iceland","5910","Export Quantity","F2071","Bovine Meat","2019","2019","tonnes","48","E","Estimated value"
"TCL","Crops and livestock products","352","Iceland","5910","Export Quantity","F2074","Poultry Meat","2019","2019","tonnes","0","E","Estimated value"
"TCL","Crops and livestock products","352","Iceland","5910","Export Quantity","F2073","Pigmeat","2019","2019","tonnes","107","E","Estimated value"
"TCL","Crops and livestock products","352","Iceland","5910","Export Quantity","F2076","Other Meat","2019","2019","tonnes","4712","E","Estimated value"
"TCL","Crops and livestock products","356","India","5910","Export Quantity","F2071","Bovine Meat","2019","2019","tonnes","1203594","E","Estimated value"
"TCL","Crops and livestock products","356","India","5910","Export Quantity","F2074","Poultry Meat","2019","2019","tonnes","5667","E","Estimated value"
"TCL","Crops and livestock products","356","India","5910","Export Quantity","F2073","Pigmeat","2019","2019","tonnes","1303","E","Estimated value"
"TCL","Crops and livestock products","356","India","5910","Export Quantity","F2076","Other Meat","2019","2019","tonnes","16218","E","Estimated value"
"TCL","Crops and livestock products","360","Indonesia","5910","Export Quantity","F2071","Bovine Meat","2019","2019","tonnes","46","E","Estimated value"
"TCL","Crops and livestock products","360","Indonesia","5910","Export Quantity","F2074","Poultry Meat","2019","2019","tonnes","429","E","Estimated value"
"TCL","Crops and livestock products","360","Indonesia","5910","Export Quantity","F2073","Pigmeat","2019","2019","tonnes","71","E","Estimated value"
"TCL","Crops and livestock products","360","Indonesia","5910","Export Quantity","F2076","Other Meat","2019","2019","tonnes","4084","E","Estimated value"
"TCL","Crops and livestock products","368","Iraq","5910","Export Quantity","F2071","Bovine Meat","2019","2019","tonnes","21","E","Estimated value"
"TCL","Crops and livestock products","368","Iraq","5910","Export Quantity","F2074","Poultry Meat","2019","2019","tonnes","1705","E","Estimated value"
"TCL","Crops and livestock products","368","Iraq","5910","Export Quantity","F2073","Pigmeat","2019","2019","tonnes","15","E","Estimated value"
"TCL","Crops and livestock products","368","Iraq","5910","Export Quantity","F2076","Other Meat","2019","2019","tonnes","6","E","Estimated value"
"TCL","Crops and livestock products","372","Ireland","5910","Export Quantity","F2071","Bovine Meat","2019","2019","tonnes","639266","E","Estimated value"
"TCL","Crops and livestock products","372","Ireland","5910","Export Quantity","F2074","Poultry Meat","2019","2019","tonnes","138725","E","Estimated value"
"TCL","Crops and livestock products","372","Ireland","5910","Export Quantity","F2073","Pigmeat","2019","2019","tonnes","291176","E","Estimated value"
"TCL","Crops and livestock products","372","Ireland","5910","Export Quantity","F2076","Other Meat","2019","2019","tonnes","97178","E","Estimated value"
"TCL","Crops and livestock products","380","Italy","5910","Export Quantity","F2071","Bovine Meat","2019","2019","tonnes","170096","E","Estimated value"
"TCL","Crops and livestock products","380","Italy","5910","Export Quantity","F2074","Poultry Meat","2019","2019","tonnes","191660","E","Estimated value"
"TCL","Crops and livestock products","380","Italy","5910","Export Quantity","F2073","Pigmeat","2019","2019","tonnes","323123","E","Estimated value"
"TCL","Crops and livestock products","380","Italy","5910","Export Quantity","F2076","Other Meat","2019","2019","tonnes","32557","E","Estimated value"
"TCL","Crops and livestock products","388","Jamaica","5910","Export Quantity","F2071","Bovine Meat","2019","2019","tonnes","602","E","Estimated value"
"TCL","Crops and livestock products","388","Jamaica","5910","Export Quantity","F2074","Poultry Meat","2019","2019","tonnes","1491","E","Estimated value"
"TCL","Crops and livestock products","388","Jamaica","5910","Export Quantity","F2073","Pigmeat","2019","2019","tonnes","363","E","Estimated value"
"TCL","Crops and livestock products","388","Jamaica","5910","Export Quantity","F2076","Other Meat","2019","2019","tonnes","18","E","Estimated value"
"TCL","Crops and livestock products","392","Japan","5910","Export Quantity","F2071","Bovine Meat","2019","2019","tonnes","5791","E","Estimated value"
"TCL","Crops and livestock products","392","Japan","5910","Export Quantity","F2074","Poultry Meat","2019","2019","tonnes","9668","E","Estimated value"
"TCL","Crops and livestock products","392","Japan","5910","Export Quantity","F2073","Pigmeat","2019","2019","tonnes","3714","E","Estimated value"
"TCL","Crops and livestock products","392","Japan","5910","Export Quantity","F2076","Other Meat","2019","2019","tonnes","234","E","Estimated value"
"TCL","Crops and livestock products","400","Jordan","5910","Export Quantity","F2071","Bovine Meat","2019","2019","tonnes","16866","E","Estimated value"
"TCL","Crops and livestock products","400","Jordan","5910","Export Quantity","F2074","Poultry Meat","2019","2019","tonnes","11602","E","Estimated value"
"TCL","Crops and livestock products","400","Jordan","5910","Export Quantity","F2076","Other Meat","2019","2019","tonnes","591","E","Estimated value"
"TCL","Crops and livestock products","404","Kenya","5910","Export Quantity","F2071","Bovine Meat","2019","2019","tonnes","1497","E","Estimated value"
"TCL","Crops and livestock products","404","Kenya","5910","Export Quantity","F2074","Poultry Meat","2019","2019","tonnes","23","E","Estimated value"
"TCL","Crops and livestock products","404","Kenya","5910","Export Quantity","F2073","Pigmeat","2019","2019","tonnes","1429","E","Estimated value"
"TCL","Crops and livestock products","404","Kenya","5910","Export Quantity","F2076","Other Meat","2019","2019","tonnes","15952","E","Estimated value"
"TCL","Crops and livestock products","458","Malaysia","5910","Export Quantity","F2071","Bovine Meat","2019","2019","tonnes","5354","E","Estimated value"
"TCL","Crops and livestock products","458","Malaysia","5910","Export Quantity","F2074","Poultry Meat","2019","2019","tonnes","56192","E","Estimated value"
"TCL","Crops and livestock products","458","Malaysia","5910","Export Quantity","F2073","Pigmeat","2019","2019","tonnes","4874","E","Estimated value"
"TCL","Crops and livestock products","458","Malaysia","5910","Export Quantity","F2076","Other Meat","2019","2019","tonnes","1269","E","Estimated value"
"TCL","Crops and livestock products","104","Myanmar","5910","Export Quantity","F2071","Bovine Meat","2019","2019","tonnes","505","E","Estimated value"
"TCL","Crops and livestock products","104","Myanmar","5910","Export Quantity","F2074","Poultry Meat","2019","2019","tonnes","49","E","Estimated value"
"TCL","Crops and livestock products","104","Myanmar","5910","Export Quantity","F2073","Pigmeat","2019","2019","tonnes","79","E","Estimated value"
"TCL","Crops and livestock products","104","Myanmar","5910","Export Quantity","F2076","Other Meat","2019","2019","tonnes","288","E","Estimated value"
"TCL","Crops and livestock products","524","Nepal","5910","Export Quantity","F2071","Bovine Meat","2019","2019","tonnes","1971","E","Estimated value"
"TCL","Crops and livestock products","524","Nepal","5910","Export Quantity","F2074","Poultry Meat","2019","2019","tonnes","0","E","Estimated value"
"TCL","Crops and livestock products","524","Nepal","5910","Export Quantity","F2073","Pigmeat","2019","2019","tonnes","1","E","Estimated value"
"TCL","Crops and livestock products","528","Netherlands","5910","Export Quantity","F2071","Bovine Meat","2019","2019","tonnes","711373","E","Estimated value"
"TCL","Crops and livestock products","528","Netherlands","5910","Export Quantity","F2074","Poultry Meat","2019","2019","tonnes","1763592","E","Estimated value"
"TCL","Crops and livestock products","528","Netherlands","5910","Export Quantity","F2073","Pigmeat","2019","2019","tonnes","1544092","E","Estimated value"
"TCL","Crops and livestock products","528","Netherlands","5910","Export Quantity","F2076","Other Meat","2019","2019","tonnes","179216","E","Estimated value"
"TCL","Crops and livestock products","566","Nigeria","5910","Export Quantity","F2071","Bovine Meat","2019","2019","tonnes","4","E","Estimated value"
"TCL","Crops and livestock products","566","Nigeria","5910","Export Quantity","F2074","Poultry Meat","2019","2019","tonnes","0","E","Estimated value"
"TCL","Crops and livestock products","566","Nigeria","5910","Export Quantity","F2073","Pigmeat","2019","2019","tonnes","0","E","Estimated value"
"TCL","Crops and livestock products","566","Nigeria","5910","Export Quantity","F2076","Other Meat","2019","2019","tonnes","4","E","Estimated value"
"TCL","Crops and livestock products","578","Norway","5910","Export Quantity","F2071","Bovine Meat","2019","2019","tonnes","811","E","Estimated value"
"TCL","Crops and livestock products","578","Norway","5910","Export Quantity","F2074","Poultry Meat","2019","2019","tonnes","1218","E","Estimated value"
"TCL","Crops and livestock products","578","Norway","5910","Export Quantity","F2073","Pigmeat","2019","2019","tonnes","6595","E","Estimated value"
"TCL","Crops and livestock products","578","Norway","5910","Export Quantity","F2076","Other Meat","2019","2019","tonnes","936","E","Estimated value"
"TCL","Crops and livestock products","586","Pakistan","5910","Export Quantity","F2071","Bovine Meat","2019","2019","tonnes","70307","E","Estimated value"
"TCL","Crops and livestock products","586","Pakistan","5910","Export Quantity","F2074","Poultry Meat","2019","2019","tonnes","4881","E","Estimated value"
"TCL","Crops and livestock products","586","Pakistan","5910","Export Quantity","F2076","Other Meat","2019","2019","tonnes","6246","E","Estimated value"
"TCL","Crops and livestock products","608","Philippines","5910","Export Quantity","F2071","Bovine Meat","2019","2019","tonnes","1442","E","Estimated value"
"TCL","Crops and livestock products","608","Philippines","5910","Export Quantity","F2074","Poultry Meat","2019","2019","tonnes","1914","E","Estimated value"
"TCL","Crops and livestock products","608","Philippines","5910","Export Quantity","F2073","Pigmeat","2019","2019","tonnes","2337","E","Estimated value"
"TCL","Crops and livestock products","608","Philippines","5910","Export Quantity","F2076","Other Meat","2019","2019","tonnes","313","E","Estimated value"
"TCL","Crops and livestock products","620","Portugal","5910","Export Quantity","F2071","Bovine Meat","2019","2019","tonnes","16940","E","Estimated value"
"TCL","Crops and livestock products","620","Portugal","5910","Export Quantity","F2074","Poultry Meat","2019","2019","tonnes","30070","E","Estimated value"
"TCL","Crops and livestock products","620","Portugal","5910","Export Quantity","F2073","Pigmeat","2019","2019","tonnes","76086","E","Estimated value"
"TCL","Crops and livestock products","620","Portugal","5910","Export Quantity","F2076","Other Meat","2019","2019","tonnes","4578","E","Estimated value"
"TCL","Crops and livestock products","410","Republic of Korea","5910","Export Quantity","F2071","Bovine Meat","2019","2019","tonnes","287","E","Estimated value"
"TCL","Crops and livestock products","410","Republic of Korea","5910","Export Quantity","F2074","Poultry Meat","2019","2019","tonnes","52464","E","Estimated value"
"TCL","Crops and livestock products","410","Republic of Korea","5910","Export Quantity","F2073","Pigmeat","2019","2019","tonnes","2161","E","Estimated value"
"TCL","Crops and livestock products","410","Republic of Korea","5910","Export Quantity","F2076","Other Meat","2019","2019","tonnes","3071","E","Estimated value"
"TCL","Crops and livestock products","702","Singapore","5910","Export Quantity","F2071","Bovine Meat","2019","2019","tonnes","15358","E","Estimated value"
"TCL","Crops and livestock products","702","Singapore","5910","Export Quantity","F2074","Poultry Meat","2019","2019","tonnes","17775","E","Estimated value"
"TCL","Crops and livestock products","702","Singapore","5910","Export Quantity","F2073","Pigmeat","2019","2019","tonnes","5782","E","Estimated value"
"TCL","Crops and livestock products","702","Singapore","5910","Export Quantity","F2076","Other Meat","2019","2019","tonnes","2192","E","Estimated value"
"TCL","Crops and livestock products","710","South Africa","5910","Export Quantity","F2071","Bovine Meat","2019","2019","tonnes","39656","E","Estimated value"
"TCL","Crops and livestock products","710","South Africa","5910","Export Quantity","F2074","Poultry Meat","2019","2019","tonnes","55814","E","Estimated value"
"TCL","Crops and livestock products","710","South Africa","5910","Export Quantity","F2073","Pigmeat","2019","2019","tonnes","24198","E","Estimated value"
"TCL","Crops and livestock products","710","South Africa","5910","Export Quantity","F2076","Other Meat","2019","2019","tonnes","5745","E","Estimated value"
"TCL","Crops and livestock products","724","Spain","5910","Export Quantity","F2071","Bovine Meat","2019","2019","tonnes","243323","E","Estimated value"
"TCL","Crops and livestock products","724","Spain","5910","Export Quantity","F2074","Poultry Meat","2019","2019","tonnes","270630","E","Estimated value"
"TCL","Crops and livestock products","724","Spain","5910","Export Quantity","F2073","Pigmeat","2019","2019","tonnes","2421593","E","Estimated value"
"TCL","Crops and livestock products","724","Spain","5910","Export Quantity","F2076","Other Meat","2019","2019","tonnes","90311","E","Estimated value"
"TCL","Crops and livestock products","144","Sri Lanka","5910","Export Quantity","F2071","Bovine Meat","2019","2019","tonnes","110","E","Estimated value"
"TCL","Crops and livestock products","144","Sri Lanka","5910","Export Quantity","F2074","Poultry Meat","2019","2019","tonnes","1404","E","Estimated value"
"TCL","Crops and livestock products","144","Sri Lanka","5910","Export Quantity","F2073","Pigmeat","2019","2019","tonnes","316","E","Estimated value"
"TCL","Crops and livestock products","144","Sri Lanka","5910","Export Quantity","F2076","Other Meat","2019","2019","tonnes","12","E","Estimated value"
"TCL","Crops and livestock products","752","Sweden","5910","Export Quantity","F2071","Bovine Meat","2019","2019","tonnes","17311","E","Estimated value"
"TCL","Crops and livestock products","752","Sweden","5910","Export Quantity","F2074","Poultry Meat","2019","2019","tonnes","91539","E","Estimated value"
"TCL","Crops and livestock products","752","Sweden","5910","Export Quantity","F2073","Pigmeat","2019","2019","tonnes","49669","E","Estimated value"
"TCL","Crops and livestock products","752","Sweden","5910","Export Quantity","F2076","Other Meat","2019","2019","tonnes","4215","E","Estimated value"
"TCL","Crops and livestock products","756","Switzerland","5910","Export Quantity","F2071","Bovine Meat","2019","2019","tonnes","4137","E","Estimated value"
"TCL","Crops and livestock products","756","Switzerland","5910","Export Quantity","F2074","Poultry Meat","2019","2019","tonnes","2869","E","Estimated value"
"TCL","Crops and livestock products","756","Switzerland","5910","Export Quantity","F2073","Pigmeat","2019","2019","tonnes","16062","E","Estimated value"
"TCL","Crops and livestock products","756","Switzerland","5910","Export Quantity","F2076","Other Meat","2019","2019","tonnes","39","E","Estimated value"
"TCL","Crops and livestock products","764","Thailand","5910","Export Quantity","F2071","Bovine Meat","2019","2019","tonnes","18677","E","Estimated value"
"TCL","Crops and livestock products","764","Thailand","5910","Export Quantity","F2074","Poultry Meat","2019","2019","tonnes","1199185","E","Estimated value"
"TCL","Crops and livestock products","764","Thailand","5910","Export Quantity","F2073","Pigmeat","2019","2019","tonnes","21219","E","Estimated value"
"TCL","Crops and livestock products","764","Thailand","5910","Export Quantity","F2076","Other Meat","2019","2019","tonnes","99056","E","Estimated value"
"TCL","Crops and livestock products","784","United Arab Emirates","5910","Export Quantity","F2071","Bovine Meat","2019","2019","tonnes","174883","E","Estimated value"
"TCL","Crops and livestock products","784","United Arab Emirates","5910","Export Quantity","F2074","Poultry Meat","2019","2019","tonnes","91588","E","Estimated value"
"TCL","Crops and livestock products","784","United Arab Emirates","5910","Export Quantity","F2073","Pigmeat","2019","2019","tonnes","679","E","Estimated value"
"TCL","Crops and livestock products","784","United Arab Emirates","5910","Export Quantity","F2076","Other Meat","2019","2019","tonnes","36504","E","Estimated value"
"TCL","Crops and livestock products","826","United Kingdom of Great Britain and Northern Ireland","5910","Export Quantity","F2071","Bovine Meat","2019","2019","tonnes","226636","E","Estimated value"
"TCL","Crops and livestock products","826","United Kingdom of Great Britain and Northern Ireland","5910","Export Quantity","F2074","Poultry Meat","2019","2019","tonnes","430200","E","Estimated value"
"TCL","Crops and livestock products","826","United Kingdom of Great Britain and Northern Ireland","5910","Export Quantity","F2073","Pigmeat","2019","2019","tonnes","386611","E","Estimated value"
"TCL","Crops and livestock products","826","United Kingdom of Great Britain and Northern Ireland","5910","Export Quantity","F2076","Other Meat","2019","2019","tonnes","112324","E","Estimated value"
"TCL","Crops and livestock products","840","United States of America","5910","Export Quantity","F2071","Bovine Meat","2019","2019","tonnes","1523021","E","Estimated value"
"TCL","Crops and livestock products","840","United States of America","5910","Export Quantity","F2074","Poultry Meat","2019","2019","tonnes","3767080","E","Estimated value"
"TCL","Crops and livestock products","840","United States of America","5910","Export Quantity","F2073","Pigmeat","2019","2019","tonnes","3044686","E","Estimated value"
"TCL","Crops and livestock products","840","United States of America","5910","Export Quantity","F2076","Other Meat","2019","2019","tonnes","27857","E","Estimated value"
"TCL","Crops and livestock products","704","Viet Nam","5910","Export Quantity","F2071","Bovine Meat","2019","2019","tonnes","2204","E","Estimated value"
"TCL","Crops and livestock products","704","Viet Nam","5910","Export Quantity","F2074","Poultry Meat","2019","2019","tonnes","24071","E","Estimated value"
"TCL","Crops and livestock products","704","Viet Nam","5910","Export Quantity","F2073","Pigmeat","2019","2019","tonnes","15792","E","Estimated value"
"TCL","Crops and livestock products","704","Viet Nam","5910","Export Quantity","F2076","Other Meat","2019","2019","tonnes","5721","E","Estimated value"
"TCL","Crops and livestock products","716","Zimbabwe","5910","Export Quantity","F2071","Bovine Meat","2019","2019","tonnes","385","E","Estimated value"
"TCL","Crops and livestock products","716","Zimbabwe","5910","Export Quantity","F2074","Poultry Meat","2019","2019","tonnes","0","E","Estimated value"
"TCL","Crops and livestock products","716","Zimbabwe","5910","Export Quantity","F2073","Pigmeat","2019","2019","tonnes","109","E","Estimated value"
"TCL","Crops and livestock products","716","Zimbabwe","5910","Export Quantity","F2076","Other Meat","2019","2019","tonnes","248","E","Estimated value"
