﻿Domain Code,Domain,Area Code (M49),Area,Element Code,Element,Item Code,Item,Year Code,Year,Unit,Value,Flag,Flag Description,Note
"MK","Macro Indicators","004","Afghanistan","6119","Value US$ per capita","22008","Gross Domestic Product","2019","2019","US$","496.940553","X","Figure from international organizations",""
"MK","Macro Indicators","051","Armenia","6119","Value US$ per capita","22008","Gross Domestic Product","2019","2019","US$","4604.641377","X","Figure from international organizations",""
"MK","Macro Indicators","036","Australia","6119","Value US$ per capita","22008","Gross Domestic Product","2019","2019","US$","54763.202388","X","Figure from international organizations",""
"MK","Macro Indicators","050","Bangladesh","6119","Value US$ per capita","22008","Gross Domestic Product","2019","2019","US$","1846.416377","X","Figure from international organizations",""
"MK","Macro Indicators","056","Belgium","6119","Value US$ per capita","22008","Gross Domestic Product","2019","2019","US$","46388.205209","X","Figure from international organizations",""
"MK","Macro Indicators","076","Brazil","6119","Value US$ per capita","22008","Gross Domestic Product","2019","2019","US$","8936.360101","X","Figure from international organizations",""
"MK","Macro Indicators","116","Cambodia","6119","Value US$ per capita","22008","Gross Domestic Product","2019","2019","US$","1643.641451","X","Figure from international organizations",""
"MK","Macro Indicators","124","Canada","6119","Value US$ per capita","22008","Gross Domestic Product","2019","2019","US$","46550.335507","X","Figure from international organizations",""
"MK","Macro Indicators","140","Central African Republic","6119","Value US$ per capita","22008","Gross Domestic Product","2019","2019","US$","467.673136","X","Figure from international organizations",""
"MK","Macro Indicators","170","Colombia","6119","Value US$ per capita","22008","Gross Domestic Product","2019","2019","US$","6424.979431","X","Figure from international organizations",""
"MK","Macro Indicators","188","Costa Rica","6119","Value US$ per capita","22008","Gross Domestic Product","2019","2019","US$","12669.706175","X","Figure from international organizations",""
"MK","Macro Indicators","191","Croatia","6119","Value US$ per capita","22008","Gross Domestic Product","2019","2019","US$","15070.610877","X","Figure from international organizations",""
"MK","Macro Indicators","818","Egypt","6119","Value US$ per capita","22008","Gross Domestic Product","2019","2019","US$","3161.324684","X","Figure from international organizations",""
"MK","Macro Indicators","222","El Salvador","6119","Value US$ per capita","22008","Gross Domestic Product","2019","2019","US$","4167.729159","X","Figure from international organizations",""
"MK","Macro Indicators","231","Ethiopia","6119","Value US$ per capita","22008","Gross Domestic Product","2019","2019","US$","825.865015","X","Figure from international organizations",""
"MK","Macro Indicators","246","Finland","6119","Value US$ per capita","22008","Gross Domestic Product","2019","2019","US$","48585.483016","X","Figure from international organizations",""
"MK","Macro Indicators","250","France","6119","Value US$ per capita","22008","Gross Domestic Product","2019","2019","US$","40516.996615","X","Figure from international organizations",""
"MK","Macro Indicators","276","Germany","6119","Value US$ per capita","22008","Gross Domestic Product","2019","2019","US$","46557.284069","X","Figure from international organizations",""
"MK","Macro Indicators","300","Greece","6119","Value US$ per capita","22008","Gross Domestic Product","2019","2019","US$","19587.057271","X","Figure from international organizations",""
"MK","Macro Indicators","304","Greenland","6119","Value US$ per capita","22008","Gross Domestic Product","2019","2019","US$","52622.572605","X","Figure from international organizations",""
"MK","Macro Indicators","352","Iceland","6119","Value US$ per capita","22008","Gross Domestic Product","2019","2019","US$","73319.963204","X","Figure from international organizations",""
"MK","Macro Indicators","356","India","6119","Value US$ per capita","22008","Gross Domestic Product","2019","2019","US$","2114.982134","X","Figure from international organizations",""
"MK","Macro Indicators","360","Indonesia","6119","Value US$ per capita","22008","Gross Domestic Product","2019","2019","US$","4135.201528","X","Figure from international organizations",""
"MK","Macro Indicators","368","Iraq","6119","Value US$ per capita","22008","Gross Domestic Product","2019","2019","US$","5980.628489","X","Figure from international organizations",""
"MK","Macro Indicators","372","Ireland","6119","Value US$ per capita","22008","Gross Domestic Product","2019","2019","US$","81745.514055","X","Figure from international organizations",""
"MK","Macro Indicators","380","Italy","6119","Value US$ per capita","22008","Gross Domestic Product","2019","2019","US$","33185.489321","X","Figure from international organizations",""
"MK","Macro Indicators","388","Jamaica","6119","Value US$ per capita","22008","Gross Domestic Product","2019","2019","US$","5369.49283","X","Figure from international organizations",""
"MK","Macro Indicators","392","Japan","6119","Value US$ per capita","22008","Gross Domestic Product","2019","2019","US$","40586.234684","X","Figure from international organizations",""
"MK","Macro Indicators","400","Jordan","6119","Value US$ per capita","22008","Gross Domestic Product","2019","2019","US$","4405.480596","X","Figure from international organizations",""
"MK","Macro Indicators","404","Kenya","6119","Value US$ per capita","22008","Gross Domestic Product","2019","2019","US$","1912.6233","X","Figure from international organizations",""
"MK","Macro Indicators","458","Malaysia","6119","Value US$ per capita","22008","Gross Domestic Product","2019","2019","US$","11414.290367","X","Figure from international organizations",""
"MK","Macro Indicators","104","Myanmar","6119","Value US$ per capita","22008","Gross Domestic Product","2019","2019","US$","1374.375238","X","Figure from international organizations",""
"MK","Macro Indicators","524","Nepal","6119","Value US$ per capita","22008","Gross Domestic Product","2019","2019","US$","1197.825921","X","Figure from international organizations",""
"MK","Macro Indicators","528","Netherlands","6119","Value US$ per capita","22008","Gross Domestic Product","2019","2019","US$","53236.674668","X","Figure from international organizations",""
"MK","Macro Indicators","566","Nigeria","6119","Value US$ per capita","22008","Gross Domestic Product","2019","2019","US$","2361.206967","X","Figure from international organizations",""
"MK","Macro Indicators","578","Norway","6119","Value US$ per capita","22008","Gross Domestic Product","2019","2019","US$","75389.62274","X","Figure from international organizations",""
"MK","Macro Indicators","586","Pakistan","6119","Value US$ per capita","22008","Gross Domestic Product","2019","2019","US$","1168.643097","X","Figure from international organizations",""
"MK","Macro Indicators","608","Philippines","6119","Value US$ per capita","22008","Gross Domestic Product","2019","2019","US$","3485.342237","X","Figure from international organizations",""
"MK","Macro Indicators","620","Portugal","6119","Value US$ per capita","22008","Gross Domestic Product","2019","2019","US$","23467.879341","X","Figure from international organizations",""
"MK","Macro Indicators","410","Republic of Korea","6119","Value US$ per capita","22008","Gross Domestic Product","2019","2019","US$","32234.507491","X","Figure from international organizations",""
"MK","Macro Indicators","702","Singapore","6119","Value US$ per capita","22008","Gross Domestic Product","2019","2019","US$","64503.102111","X","Figure from international organizations",""
"MK","Macro Indicators","710","South Africa","6119","Value US$ per capita","22008","Gross Domestic Product","2019","2019","US$","6001.389576","X","Figure from international organizations",""
"MK","Macro Indicators","724","Spain","6119","Value US$ per capita","22008","Gross Domestic Product","2019","2019","US$","29806.208566","X","Figure from international organizations",""
"MK","Macro Indicators","144","Sri Lanka","6119","Value US$ per capita","22008","Gross Domestic Product","2019","2019","US$","3938.847521","X","Figure from international organizations",""
"MK","Macro Indicators","752","Sweden","6119","Value US$ per capita","22008","Gross Domestic Product","2019","2019","US$","53194.436877","X","Figure from international organizations",""
"MK","Macro Indicators","756","Switzerland","6119","Value US$ per capita","22008","Gross Domestic Product","2019","2019","US$","85169.060062","X","Figure from international organizations",""
"MK","Macro Indicators","764","Thailand","6119","Value US$ per capita","22008","Gross Domestic Product","2019","2019","US$","7817.008104","X","Figure from international organizations",""
"MK","Macro Indicators","784","United Arab Emirates","6119","Value US$ per capita","22008","Gross Domestic Product","2019","2019","US$","42701.429934","X","Figure from international organizations",""
"MK","Macro Indicators","826","United Kingdom of Great Britain and Northern Ireland","6119","Value US$ per capita","22008","Gross Domestic Product","2019","2019","US$","42627.966539","X","Figure from international organizations",""
"MK","Macro Indicators","840","United States of America","6119","Value US$ per capita","22008","Gross Domestic Product","2019","2019","US$","64949.439748","X","Figure from international organizations",""
"MK","Macro Indicators","704","Viet Nam","6119","Value US$ per capita","22008","Gross Domestic Product","2019","2019","US$","2715.275874","X","Figure from international organizations",""
"MK","Macro Indicators","887","Yemen","6119","Value US$ per capita","22008","Gross Domestic Product","2019","2019","US$","865.726138","X","Figure from international organizations",""
"MK","Macro Indicators","716","Zimbabwe","6119","Value US$ per capita","22008","Gross Domestic Product","2019","2019","US$","1497.738092","X","Figure from international organizations",""
