﻿Domain Code,Domain,Area Code (M49),Area,Element Code,Element,Item Code (CPC),Item,Year Code,Year,Unit,Value,Flag,Flag Description
"TCL","Crops and livestock products","004","Afghanistan","5610","Import Quantity","F2071","Bovine Meat","2019","2019","tonnes","8858","E","Estimated value"
"TCL","Crops and livestock products","004","Afghanistan","5610","Import Quantity","F2074","Poultry Meat","2019","2019","tonnes","43780","E","Estimated value"
"TCL","Crops and livestock products","004","Afghanistan","5610","Import Quantity","F2073","Pigmeat","2019","2019","tonnes","976","E","Estimated value"
"TCL","Crops and livestock products","004","Afghanistan","5610","Import Quantity","F2076","Other Meat","2019","2019","tonnes","55","E","Estimated value"
"TCL","Crops and livestock products","051","Armenia","5610","Import Quantity","F2071","Bovine Meat","2019","2019","tonnes","7758","E","Estimated value"
"TCL","Crops and livestock products","051","Armenia","5610","Import Quantity","F2074","Poultry Meat","2019","2019","tonnes","43893","E","Estimated value"
"TCL","Crops and livestock products","051","Armenia","5610","Import Quantity","F2073","Pigmeat","2019","2019","tonnes","12229","E","Estimated value"
"TCL","Crops and livestock products","051","Armenia","5610","Import Quantity","F2076","Other Meat","2019","2019","tonnes","203","E","Estimated value"
"TCL","Crops and livestock products","036","Australia","5610","Import Quantity","F2071","Bovine Meat","2019","2019","tonnes","11463","E","Estimated value"
"TCL","Crops and livestock products","036","Australia","5610","Import Quantity","F2074","Poultry Meat","2019","2019","tonnes","10454","E","Estimated value"
"TCL","Crops and livestock products","036","Australia","5610","Import Quantity","F2073","Pigmeat","2019","2019","tonnes","251131","E","Estimated value"
"TCL","Crops and livestock products","036","Australia","5610","Import Quantity","F2076","Other Meat","2019","2019","tonnes","2061","E","Estimated value"
"TCL","Crops and livestock products","050","Bangladesh","5610","Import Quantity","F2071","Bovine Meat","2019","2019","tonnes","8755","E","Estimated value"
"TCL","Crops and livestock products","050","Bangladesh","5610","Import Quantity","F2074","Poultry Meat","2019","2019","tonnes","292","E","Estimated value"
"TCL","Crops and livestock products","050","Bangladesh","5610","Import Quantity","F2073","Pigmeat","2019","2019","tonnes","190","E","Estimated value"
"TCL","Crops and livestock products","050","Bangladesh","5610","Import Quantity","F2076","Other Meat","2019","2019","tonnes","89","E","Estimated value"
"TCL","Crops and livestock products","056","Belgium","5610","Import Quantity","F2071","Bovine Meat","2019","2019","tonnes","110319","E","Estimated value"
"TCL","Crops and livestock products","056","Belgium","5610","Import Quantity","F2074","Poultry Meat","2019","2019","tonnes","352523","E","Estimated value"
"TCL","Crops and livestock products","056","Belgium","5610","Import Quantity","F2073","Pigmeat","2019","2019","tonnes","284032","E","Estimated value"
"TCL","Crops and livestock products","056","Belgium","5610","Import Quantity","F2076","Other Meat","2019","2019","tonnes","80541","E","Estimated value"
"TCL","Crops and livestock products","076","Brazil","5610","Import Quantity","F2071","Bovine Meat","2019","2019","tonnes","49215","E","Estimated value"
"TCL","Crops and livestock products","076","Brazil","5610","Import Quantity","F2074","Poultry Meat","2019","2019","tonnes","5061","E","Estimated value"
"TCL","Crops and livestock products","076","Brazil","5610","Import Quantity","F2073","Pigmeat","2019","2019","tonnes","2512","E","Estimated value"
"TCL","Crops and livestock products","076","Brazil","5610","Import Quantity","F2076","Other Meat","2019","2019","tonnes","4963","E","Estimated value"
"TCL","Crops and livestock products","116","Cambodia","5610","Import Quantity","F2071","Bovine Meat","2019","2019","tonnes","1563","E","Estimated value"
"TCL","Crops and livestock products","116","Cambodia","5610","Import Quantity","F2074","Poultry Meat","2019","2019","tonnes","2215","E","Estimated value"
"TCL","Crops and livestock products","116","Cambodia","5610","Import Quantity","F2073","Pigmeat","2019","2019","tonnes","824","E","Estimated value"
"TCL","Crops and livestock products","116","Cambodia","5610","Import Quantity","F2076","Other Meat","2019","2019","tonnes","613","E","Estimated value"
"TCL","Crops and livestock products","124","Canada","5610","Import Quantity","F2071","Bovine Meat","2019","2019","tonnes","211707","E","Estimated value"
"TCL","Crops and livestock products","124","Canada","5610","Import Quantity","F2074","Poultry Meat","2019","2019","tonnes","195643","E","Estimated value"
"TCL","Crops and livestock products","124","Canada","5610","Import Quantity","F2073","Pigmeat","2019","2019","tonnes","272664","E","Estimated value"
"TCL","Crops and livestock products","124","Canada","5610","Import Quantity","F2076","Other Meat","2019","2019","tonnes","29734","E","Estimated value"
"TCL","Crops and livestock products","140","Central African Republic","5610","Import Quantity","F2071","Bovine Meat","2019","2019","tonnes","742","E","Estimated value"
"TCL","Crops and livestock products","140","Central African Republic","5610","Import Quantity","F2074","Poultry Meat","2019","2019","tonnes","6514","E","Estimated value"
"TCL","Crops and livestock products","140","Central African Republic","5610","Import Quantity","F2073","Pigmeat","2019","2019","tonnes","211","E","Estimated value"
"TCL","Crops and livestock products","140","Central African Republic","5610","Import Quantity","F2076","Other Meat","2019","2019","tonnes","128","E","Estimated value"
"TCL","Crops and livestock products","158","China, Taiwan Province of","5610","Import Quantity","F2071","Bovine Meat","2019","2019","tonnes","180783","E","Estimated value"
"TCL","Crops and livestock products","158","China, Taiwan Province of","5610","Import Quantity","F2074","Poultry Meat","2019","2019","tonnes","214742","E","Estimated value"
"TCL","Crops and livestock products","158","China, Taiwan Province of","5610","Import Quantity","F2073","Pigmeat","2019","2019","tonnes","124354","E","Estimated value"
"TCL","Crops and livestock products","158","China, Taiwan Province of","5610","Import Quantity","F2076","Other Meat","2019","2019","tonnes","19267","E","Estimated value"
"TCL","Crops and livestock products","170","Colombia","5610","Import Quantity","F2071","Bovine Meat","2019","2019","tonnes","11684","E","Estimated value"
"TCL","Crops and livestock products","170","Colombia","5610","Import Quantity","F2074","Poultry Meat","2019","2019","tonnes","121654","E","Estimated value"
"TCL","Crops and livestock products","170","Colombia","5610","Import Quantity","F2073","Pigmeat","2019","2019","tonnes","133793","E","Estimated value"
"TCL","Crops and livestock products","170","Colombia","5610","Import Quantity","F2076","Other Meat","2019","2019","tonnes","634","E","Estimated value"
"TCL","Crops and livestock products","188","Costa Rica","5610","Import Quantity","F2071","Bovine Meat","2019","2019","tonnes","14915","E","Estimated value"
"TCL","Crops and livestock products","188","Costa Rica","5610","Import Quantity","F2074","Poultry Meat","2019","2019","tonnes","15581","E","Estimated value"
"TCL","Crops and livestock products","188","Costa Rica","5610","Import Quantity","F2073","Pigmeat","2019","2019","tonnes","17328","E","Estimated value"
"TCL","Crops and livestock products","188","Costa Rica","5610","Import Quantity","F2076","Other Meat","2019","2019","tonnes","68","E","Estimated value"
"TCL","Crops and livestock products","191","Croatia","5610","Import Quantity","F2071","Bovine Meat","2019","2019","tonnes","29130","E","Estimated value"
"TCL","Crops and livestock products","191","Croatia","5610","Import Quantity","F2074","Poultry Meat","2019","2019","tonnes","31632","E","Estimated value"
"TCL","Crops and livestock products","191","Croatia","5610","Import Quantity","F2073","Pigmeat","2019","2019","tonnes","116088","E","Estimated value"
"TCL","Crops and livestock products","191","Croatia","5610","Import Quantity","F2076","Other Meat","2019","2019","tonnes","5358","E","Estimated value"
"TCL","Crops and livestock products","818","Egypt","5610","Import Quantity","F2071","Bovine Meat","2019","2019","tonnes","691877","E","Estimated value"
"TCL","Crops and livestock products","818","Egypt","5610","Import Quantity","F2074","Poultry Meat","2019","2019","tonnes","35841","E","Estimated value"
"TCL","Crops and livestock products","818","Egypt","5610","Import Quantity","F2073","Pigmeat","2019","2019","tonnes","0","E","Estimated value"
"TCL","Crops and livestock products","818","Egypt","5610","Import Quantity","F2076","Other Meat","2019","2019","tonnes","834","E","Estimated value"
"TCL","Crops and livestock products","222","El Salvador","5610","Import Quantity","F2071","Bovine Meat","2019","2019","tonnes","46921","E","Estimated value"
"TCL","Crops and livestock products","222","El Salvador","5610","Import Quantity","F2074","Poultry Meat","2019","2019","tonnes","21389","E","Estimated value"
"TCL","Crops and livestock products","222","El Salvador","5610","Import Quantity","F2073","Pigmeat","2019","2019","tonnes","20812","E","Estimated value"
"TCL","Crops and livestock products","222","El Salvador","5610","Import Quantity","F2076","Other Meat","2019","2019","tonnes","672","E","Estimated value"
"TCL","Crops and livestock products","231","Ethiopia","5610","Import Quantity","F2071","Bovine Meat","2019","2019","tonnes","709","E","Estimated value"
"TCL","Crops and livestock products","231","Ethiopia","5610","Import Quantity","F2074","Poultry Meat","2019","2019","tonnes","1114","E","Estimated value"
"TCL","Crops and livestock products","231","Ethiopia","5610","Import Quantity","F2073","Pigmeat","2019","2019","tonnes","627","E","Estimated value"
"TCL","Crops and livestock products","231","Ethiopia","5610","Import Quantity","F2076","Other Meat","2019","2019","tonnes","74","E","Estimated value"
"TCL","Crops and livestock products","246","Finland","5610","Import Quantity","F2071","Bovine Meat","2019","2019","tonnes","25414","E","Estimated value"
"TCL","Crops and livestock products","246","Finland","5610","Import Quantity","F2074","Poultry Meat","2019","2019","tonnes","24179","E","Estimated value"
"TCL","Crops and livestock products","246","Finland","5610","Import Quantity","F2073","Pigmeat","2019","2019","tonnes","38476","E","Estimated value"
"TCL","Crops and livestock products","246","Finland","5610","Import Quantity","F2076","Other Meat","2019","2019","tonnes","6685","E","Estimated value"
"TCL","Crops and livestock products","250","France","5610","Import Quantity","F2071","Bovine Meat","2019","2019","tonnes","363399","E","Estimated value"
"TCL","Crops and livestock products","250","France","5610","Import Quantity","F2074","Poultry Meat","2019","2019","tonnes","580351","E","Estimated value"
"TCL","Crops and livestock products","250","France","5610","Import Quantity","F2073","Pigmeat","2019","2019","tonnes","531788","E","Estimated value"
"TCL","Crops and livestock products","250","France","5610","Import Quantity","F2076","Other Meat","2019","2019","tonnes","156992","E","Estimated value"
"TCL","Crops and livestock products","276","Germany","5610","Import Quantity","F2071","Bovine Meat","2019","2019","tonnes","487838","E","Estimated value"
"TCL","Crops and livestock products","276","Germany","5610","Import Quantity","F2074","Poultry Meat","2019","2019","tonnes","922125","E","Estimated value"
"TCL","Crops and livestock products","276","Germany","5610","Import Quantity","F2073","Pigmeat","2019","2019","tonnes","1168863","E","Estimated value"
"TCL","Crops and livestock products","276","Germany","5610","Import Quantity","F2076","Other Meat","2019","2019","tonnes","105271","E","Estimated value"
"TCL","Crops and livestock products","300","Greece","5610","Import Quantity","F2071","Bovine Meat","2019","2019","tonnes","134413","E","Estimated value"
"TCL","Crops and livestock products","300","Greece","5610","Import Quantity","F2074","Poultry Meat","2019","2019","tonnes","94572","E","Estimated value"
"TCL","Crops and livestock products","300","Greece","5610","Import Quantity","F2073","Pigmeat","2019","2019","tonnes","218341","E","Estimated value"
"TCL","Crops and livestock products","300","Greece","5610","Import Quantity","F2076","Other Meat","2019","2019","tonnes","12702","E","Estimated value"
"TCL","Crops and livestock products","352","Iceland","5610","Import Quantity","F2071","Bovine Meat","2019","2019","tonnes","1104","E","Estimated value"
"TCL","Crops and livestock products","352","Iceland","5610","Import Quantity","F2074","Poultry Meat","2019","2019","tonnes","1904","E","Estimated value"
"TCL","Crops and livestock products","352","Iceland","5610","Import Quantity","F2073","Pigmeat","2019","2019","tonnes","1693","E","Estimated value"
"TCL","Crops and livestock products","352","Iceland","5610","Import Quantity","F2076","Other Meat","2019","2019","tonnes","125","E","Estimated value"
"TCL","Crops and livestock products","356","India","5610","Import Quantity","F2074","Poultry Meat","2019","2019","tonnes","257","E","Estimated value"
"TCL","Crops and livestock products","356","India","5610","Import Quantity","F2073","Pigmeat","2019","2019","tonnes","1203","E","Estimated value"
"TCL","Crops and livestock products","356","India","5610","Import Quantity","F2076","Other Meat","2019","2019","tonnes","178","E","Estimated value"
"TCL","Crops and livestock products","360","Indonesia","5610","Import Quantity","F2071","Bovine Meat","2019","2019","tonnes","303447","E","Estimated value"
"TCL","Crops and livestock products","360","Indonesia","5610","Import Quantity","F2074","Poultry Meat","2019","2019","tonnes","380","E","Estimated value"
"TCL","Crops and livestock products","360","Indonesia","5610","Import Quantity","F2073","Pigmeat","2019","2019","tonnes","1255","E","Estimated value"
"TCL","Crops and livestock products","360","Indonesia","5610","Import Quantity","F2076","Other Meat","2019","2019","tonnes","2802","E","Estimated value"
"TCL","Crops and livestock products","368","Iraq","5610","Import Quantity","F2071","Bovine Meat","2019","2019","tonnes","88969","E","Estimated value"
"TCL","Crops and livestock products","368","Iraq","5610","Import Quantity","F2074","Poultry Meat","2019","2019","tonnes","113925","E","Estimated value"
"TCL","Crops and livestock products","368","Iraq","5610","Import Quantity","F2073","Pigmeat","2019","2019","tonnes","6659","E","Estimated value"
"TCL","Crops and livestock products","368","Iraq","5610","Import Quantity","F2076","Other Meat","2019","2019","tonnes","5806","E","Estimated value"
"TCL","Crops and livestock products","372","Ireland","5610","Import Quantity","F2071","Bovine Meat","2019","2019","tonnes","36836","E","Estimated value"
"TCL","Crops and livestock products","372","Ireland","5610","Import Quantity","F2074","Poultry Meat","2019","2019","tonnes","152207","E","Estimated value"
"TCL","Crops and livestock products","372","Ireland","5610","Import Quantity","F2073","Pigmeat","2019","2019","tonnes","108233","E","Estimated value"
"TCL","Crops and livestock products","372","Ireland","5610","Import Quantity","F2076","Other Meat","2019","2019","tonnes","21202","E","Estimated value"
"TCL","Crops and livestock products","380","Italy","5610","Import Quantity","F2071","Bovine Meat","2019","2019","tonnes","437026","E","Estimated value"
"TCL","Crops and livestock products","380","Italy","5610","Import Quantity","F2074","Poultry Meat","2019","2019","tonnes","100876","E","Estimated value"
"TCL","Crops and livestock products","380","Italy","5610","Import Quantity","F2073","Pigmeat","2019","2019","tonnes","1083184","E","Estimated value"
"TCL","Crops and livestock products","380","Italy","5610","Import Quantity","F2076","Other Meat","2019","2019","tonnes","69007","E","Estimated value"
"TCL","Crops and livestock products","388","Jamaica","5610","Import Quantity","F2071","Bovine Meat","2019","2019","tonnes","14282","E","Estimated value"
"TCL","Crops and livestock products","388","Jamaica","5610","Import Quantity","F2074","Poultry Meat","2019","2019","tonnes","34099","E","Estimated value"
"TCL","Crops and livestock products","388","Jamaica","5610","Import Quantity","F2073","Pigmeat","2019","2019","tonnes","2966","E","Estimated value"
"TCL","Crops and livestock products","388","Jamaica","5610","Import Quantity","F2076","Other Meat","2019","2019","tonnes","2689","E","Estimated value"
"TCL","Crops and livestock products","392","Japan","5610","Import Quantity","F2071","Bovine Meat","2019","2019","tonnes","891765","E","Estimated value"
"TCL","Crops and livestock products","392","Japan","5610","Import Quantity","F2074","Poultry Meat","2019","2019","tonnes","1328671","E","Estimated value"
"TCL","Crops and livestock products","392","Japan","5610","Import Quantity","F2073","Pigmeat","2019","2019","tonnes","1432721","E","Estimated value"
"TCL","Crops and livestock products","392","Japan","5610","Import Quantity","F2076","Other Meat","2019","2019","tonnes","36914","E","Estimated value"
"TCL","Crops and livestock products","400","Jordan","5610","Import Quantity","F2071","Bovine Meat","2019","2019","tonnes","52194","E","Estimated value"
"TCL","Crops and livestock products","400","Jordan","5610","Import Quantity","F2074","Poultry Meat","2019","2019","tonnes","61922","E","Estimated value"
"TCL","Crops and livestock products","400","Jordan","5610","Import Quantity","F2073","Pigmeat","2019","2019","tonnes","112","E","Estimated value"
"TCL","Crops and livestock products","400","Jordan","5610","Import Quantity","F2076","Other Meat","2019","2019","tonnes","21781","E","Estimated value"
"TCL","Crops and livestock products","404","Kenya","5610","Import Quantity","F2071","Bovine Meat","2019","2019","tonnes","234","E","Estimated value"
"TCL","Crops and livestock products","404","Kenya","5610","Import Quantity","F2074","Poultry Meat","2019","2019","tonnes","441","E","Estimated value"
"TCL","Crops and livestock products","404","Kenya","5610","Import Quantity","F2073","Pigmeat","2019","2019","tonnes","921","E","Estimated value"
"TCL","Crops and livestock products","404","Kenya","5610","Import Quantity","F2076","Other Meat","2019","2019","tonnes","33","E","Estimated value"
"TCL","Crops and livestock products","458","Malaysia","5610","Import Quantity","F2071","Bovine Meat","2019","2019","tonnes","199714","E","Estimated value"
"TCL","Crops and livestock products","458","Malaysia","5610","Import Quantity","F2074","Poultry Meat","2019","2019","tonnes","73085","E","Estimated value"
"TCL","Crops and livestock products","458","Malaysia","5610","Import Quantity","F2073","Pigmeat","2019","2019","tonnes","24775","E","Estimated value"
"TCL","Crops and livestock products","458","Malaysia","5610","Import Quantity","F2076","Other Meat","2019","2019","tonnes","33576","E","Estimated value"
"TCL","Crops and livestock products","104","Myanmar","5610","Import Quantity","F2071","Bovine Meat","2019","2019","tonnes","3744","E","Estimated value"
"TCL","Crops and livestock products","104","Myanmar","5610","Import Quantity","F2074","Poultry Meat","2019","2019","tonnes","800","E","Estimated value"
"TCL","Crops and livestock products","104","Myanmar","5610","Import Quantity","F2073","Pigmeat","2019","2019","tonnes","320","E","Estimated value"
"TCL","Crops and livestock products","104","Myanmar","5610","Import Quantity","F2076","Other Meat","2019","2019","tonnes","255","E","Estimated value"
"TCL","Crops and livestock products","524","Nepal","5610","Import Quantity","F2071","Bovine Meat","2019","2019","tonnes","198","E","Estimated value"
"TCL","Crops and livestock products","524","Nepal","5610","Import Quantity","F2074","Poultry Meat","2019","2019","tonnes","53","E","Estimated value"
"TCL","Crops and livestock products","524","Nepal","5610","Import Quantity","F2073","Pigmeat","2019","2019","tonnes","134","E","Estimated value"
"TCL","Crops and livestock products","524","Nepal","5610","Import Quantity","F2076","Other Meat","2019","2019","tonnes","45","E","Estimated value"
"TCL","Crops and livestock products","528","Netherlands","5610","Import Quantity","F2071","Bovine Meat","2019","2019","tonnes","516980","E","Estimated value"
"TCL","Crops and livestock products","528","Netherlands","5610","Import Quantity","F2074","Poultry Meat","2019","2019","tonnes","811031","E","Estimated value"
"TCL","Crops and livestock products","528","Netherlands","5610","Import Quantity","F2073","Pigmeat","2019","2019","tonnes","447909","E","Estimated value"
"TCL","Crops and livestock products","528","Netherlands","5610","Import Quantity","F2076","Other Meat","2019","2019","tonnes","251443","E","Estimated value"
"TCL","Crops and livestock products","566","Nigeria","5610","Import Quantity","F2071","Bovine Meat","2019","2019","tonnes","799","E","Estimated value"
"TCL","Crops and livestock products","566","Nigeria","5610","Import Quantity","F2074","Poultry Meat","2019","2019","tonnes","11732","E","Estimated value"
"TCL","Crops and livestock products","566","Nigeria","5610","Import Quantity","F2073","Pigmeat","2019","2019","tonnes","3011","E","Estimated value"
"TCL","Crops and livestock products","566","Nigeria","5610","Import Quantity","F2076","Other Meat","2019","2019","tonnes","684","E","Estimated value"
"TCL","Crops and livestock products","578","Norway","5610","Import Quantity","F2071","Bovine Meat","2019","2019","tonnes","12541","E","Estimated value"
"TCL","Crops and livestock products","578","Norway","5610","Import Quantity","F2074","Poultry Meat","2019","2019","tonnes","3591","E","Estimated value"
"TCL","Crops and livestock products","578","Norway","5610","Import Quantity","F2073","Pigmeat","2019","2019","tonnes","5596","E","Estimated value"
"TCL","Crops and livestock products","578","Norway","5610","Import Quantity","F2076","Other Meat","2019","2019","tonnes","1048","E","Estimated value"
"TCL","Crops and livestock products","586","Pakistan","5610","Import Quantity","F2071","Bovine Meat","2019","2019","tonnes","2123","E","Estimated value"
"TCL","Crops and livestock products","586","Pakistan","5610","Import Quantity","F2074","Poultry Meat","2019","2019","tonnes","536","E","Estimated value"
"TCL","Crops and livestock products","586","Pakistan","5610","Import Quantity","F2073","Pigmeat","2019","2019","tonnes","107","E","Estimated value"
"TCL","Crops and livestock products","586","Pakistan","5610","Import Quantity","F2076","Other Meat","2019","2019","tonnes","2","E","Estimated value"
"TCL","Crops and livestock products","608","Philippines","5610","Import Quantity","F2071","Bovine Meat","2019","2019","tonnes","175288","E","Estimated value"
"TCL","Crops and livestock products","608","Philippines","5610","Import Quantity","F2074","Poultry Meat","2019","2019","tonnes","342960","E","Estimated value"
"TCL","Crops and livestock products","608","Philippines","5610","Import Quantity","F2073","Pigmeat","2019","2019","tonnes","314135","E","Estimated value"
"TCL","Crops and livestock products","608","Philippines","5610","Import Quantity","F2076","Other Meat","2019","2019","tonnes","5747","E","Estimated value"
"TCL","Crops and livestock products","620","Portugal","5610","Import Quantity","F2071","Bovine Meat","2019","2019","tonnes","146408","E","Estimated value"
"TCL","Crops and livestock products","620","Portugal","5610","Import Quantity","F2074","Poultry Meat","2019","2019","tonnes","99161","E","Estimated value"
"TCL","Crops and livestock products","620","Portugal","5610","Import Quantity","F2073","Pigmeat","2019","2019","tonnes","132658","E","Estimated value"
"TCL","Crops and livestock products","620","Portugal","5610","Import Quantity","F2076","Other Meat","2019","2019","tonnes","18578","E","Estimated value"
"TCL","Crops and livestock products","410","Republic of Korea","5610","Import Quantity","F2071","Bovine Meat","2019","2019","tonnes","568558","E","Estimated value"
"TCL","Crops and livestock products","410","Republic of Korea","5610","Import Quantity","F2074","Poultry Meat","2019","2019","tonnes","204097","E","Estimated value"
"TCL","Crops and livestock products","410","Republic of Korea","5610","Import Quantity","F2073","Pigmeat","2019","2019","tonnes","670534","E","Estimated value"
"TCL","Crops and livestock products","410","Republic of Korea","5610","Import Quantity","F2076","Other Meat","2019","2019","tonnes","40655","E","Estimated value"
"TCL","Crops and livestock products","702","Singapore","5610","Import Quantity","F2071","Bovine Meat","2019","2019","tonnes","54190","E","Estimated value"
"TCL","Crops and livestock products","702","Singapore","5610","Import Quantity","F2074","Poultry Meat","2019","2019","tonnes","179509","E","Estimated value"
"TCL","Crops and livestock products","702","Singapore","5610","Import Quantity","F2073","Pigmeat","2019","2019","tonnes","114019","E","Estimated value"
"TCL","Crops and livestock products","702","Singapore","5610","Import Quantity","F2076","Other Meat","2019","2019","tonnes","17740","E","Estimated value"
"TCL","Crops and livestock products","710","South Africa","5610","Import Quantity","F2071","Bovine Meat","2019","2019","tonnes","70128","E","Estimated value"
"TCL","Crops and livestock products","710","South Africa","5610","Import Quantity","F2074","Poultry Meat","2019","2019","tonnes","539150","E","Estimated value"
"TCL","Crops and livestock products","710","South Africa","5610","Import Quantity","F2073","Pigmeat","2019","2019","tonnes","37032","E","Estimated value"
"TCL","Crops and livestock products","710","South Africa","5610","Import Quantity","F2076","Other Meat","2019","2019","tonnes","8318","E","Estimated value"
"TCL","Crops and livestock products","724","Spain","5610","Import Quantity","F2071","Bovine Meat","2019","2019","tonnes","161478","E","Estimated value"
"TCL","Crops and livestock products","724","Spain","5610","Import Quantity","F2074","Poultry Meat","2019","2019","tonnes","207752","E","Estimated value"
"TCL","Crops and livestock products","724","Spain","5610","Import Quantity","F2073","Pigmeat","2019","2019","tonnes","164923","E","Estimated value"
"TCL","Crops and livestock products","724","Spain","5610","Import Quantity","F2076","Other Meat","2019","2019","tonnes","29783","E","Estimated value"
"TCL","Crops and livestock products","144","Sri Lanka","5610","Import Quantity","F2071","Bovine Meat","2019","2019","tonnes","195","E","Estimated value"
"TCL","Crops and livestock products","144","Sri Lanka","5610","Import Quantity","F2074","Poultry Meat","2019","2019","tonnes","377","E","Estimated value"
"TCL","Crops and livestock products","144","Sri Lanka","5610","Import Quantity","F2073","Pigmeat","2019","2019","tonnes","176","E","Estimated value"
"TCL","Crops and livestock products","144","Sri Lanka","5610","Import Quantity","F2076","Other Meat","2019","2019","tonnes","1555","E","Estimated value"
"TCL","Crops and livestock products","752","Sweden","5610","Import Quantity","F2071","Bovine Meat","2019","2019","tonnes","106750","E","Estimated value"
"TCL","Crops and livestock products","752","Sweden","5610","Import Quantity","F2074","Poultry Meat","2019","2019","tonnes","97667","E","Estimated value"
"TCL","Crops and livestock products","752","Sweden","5610","Import Quantity","F2073","Pigmeat","2019","2019","tonnes","183141","E","Estimated value"
"TCL","Crops and livestock products","752","Sweden","5610","Import Quantity","F2076","Other Meat","2019","2019","tonnes","14331","E","Estimated value"
"TCL","Crops and livestock products","756","Switzerland","5610","Import Quantity","F2071","Bovine Meat","2019","2019","tonnes","27379","E","Estimated value"
"TCL","Crops and livestock products","756","Switzerland","5610","Import Quantity","F2074","Poultry Meat","2019","2019","tonnes","48047","E","Estimated value"
"TCL","Crops and livestock products","756","Switzerland","5610","Import Quantity","F2073","Pigmeat","2019","2019","tonnes","17645","E","Estimated value"
"TCL","Crops and livestock products","756","Switzerland","5610","Import Quantity","F2076","Other Meat","2019","2019","tonnes","12376","E","Estimated value"
"TCL","Crops and livestock products","764","Thailand","5610","Import Quantity","F2071","Bovine Meat","2019","2019","tonnes","36175","E","Estimated value"
"TCL","Crops and livestock products","764","Thailand","5610","Import Quantity","F2074","Poultry Meat","2019","2019","tonnes","2908","E","Estimated value"
"TCL","Crops and livestock products","764","Thailand","5610","Import Quantity","F2073","Pigmeat","2019","2019","tonnes","30747","E","Estimated value"
"TCL","Crops and livestock products","764","Thailand","5610","Import Quantity","F2076","Other Meat","2019","2019","tonnes","6798","E","Estimated value"
"TCL","Crops and livestock products","784","United Arab Emirates","5610","Import Quantity","F2071","Bovine Meat","2019","2019","tonnes","309380","E","Estimated value"
"TCL","Crops and livestock products","784","United Arab Emirates","5610","Import Quantity","F2074","Poultry Meat","2019","2019","tonnes","698551","E","Estimated value"
"TCL","Crops and livestock products","784","United Arab Emirates","5610","Import Quantity","F2073","Pigmeat","2019","2019","tonnes","18491","E","Estimated value"
"TCL","Crops and livestock products","784","United Arab Emirates","5610","Import Quantity","F2076","Other Meat","2019","2019","tonnes","63975","E","Estimated value"
"TCL","Crops and livestock products","826","United Kingdom of Great Britain and Northern Ireland","5610","Import Quantity","F2071","Bovine Meat","2019","2019","tonnes","386001","E","Estimated value"
"TCL","Crops and livestock products","826","United Kingdom of Great Britain and Northern Ireland","5610","Import Quantity","F2074","Poultry Meat","2019","2019","tonnes","977174","E","Estimated value"
"TCL","Crops and livestock products","826","United Kingdom of Great Britain and Northern Ireland","5610","Import Quantity","F2073","Pigmeat","2019","2019","tonnes","944360","E","Estimated value"
"TCL","Crops and livestock products","826","United Kingdom of Great Britain and Northern Ireland","5610","Import Quantity","F2076","Other Meat","2019","2019","tonnes","146911","E","Estimated value"
"TCL","Crops and livestock products","840","United States of America","5610","Import Quantity","F2071","Bovine Meat","2019","2019","tonnes","1379435","E","Estimated value"
"TCL","Crops and livestock products","840","United States of America","5610","Import Quantity","F2074","Poultry Meat","2019","2019","tonnes","139751","E","Estimated value"
"TCL","Crops and livestock products","840","United States of America","5610","Import Quantity","F2073","Pigmeat","2019","2019","tonnes","515352","E","Estimated value"
"TCL","Crops and livestock products","840","United States of America","5610","Import Quantity","F2076","Other Meat","2019","2019","tonnes","140775","E","Estimated value"
"TCL","Crops and livestock products","704","Viet Nam","5610","Import Quantity","F2071","Bovine Meat","2019","2019","tonnes","104607","E","Estimated value"
"TCL","Crops and livestock products","704","Viet Nam","5610","Import Quantity","F2074","Poultry Meat","2019","2019","tonnes","209635","E","Estimated value"
"TCL","Crops and livestock products","704","Viet Nam","5610","Import Quantity","F2073","Pigmeat","2019","2019","tonnes","93237","E","Estimated value"
"TCL","Crops and livestock products","704","Viet Nam","5610","Import Quantity","F2076","Other Meat","2019","2019","tonnes","1250","E","Estimated value"
"TCL","Crops and livestock products","887","Yemen","5610","Import Quantity","F2071","Bovine Meat","2019","2019","tonnes","453","E","Estimated value"
"TCL","Crops and livestock products","887","Yemen","5610","Import Quantity","F2074","Poultry Meat","2019","2019","tonnes","139777","E","Estimated value"
"TCL","Crops and livestock products","887","Yemen","5610","Import Quantity","F2076","Other Meat","2019","2019","tonnes","446","E","Estimated value"
"TCL","Crops and livestock products","716","Zimbabwe","5610","Import Quantity","F2071","Bovine Meat","2019","2019","tonnes","15","E","Estimated value"
"TCL","Crops and livestock products","716","Zimbabwe","5610","Import Quantity","F2074","Poultry Meat","2019","2019","tonnes","1357","E","Estimated value"
"TCL","Crops and livestock products","716","Zimbabwe","5610","Import Quantity","F2073","Pigmeat","2019","2019","tonnes","19","E","Estimated value"
"TCL","Crops and livestock products","716","Zimbabwe","5610","Import Quantity","F2076","Other Meat","2019","2019","tonnes","2","E","Estimated value"
